Name of official/organization,Twitter handle,Official position,Faction,Political affiliation
Ahad Azadikhah,@ahadazadikhah,MP - Malayer (Hamedan),Velaayat,Principlist
Seyyed Hossein Afzali,,MP - Eghlid (Fars),,Reformist
Ahmad Anaraki Mohamadi,@anarakimohamadi,MP - Rafsanjan & Anar (Kerman),List of Hope,Reformist
Rouhollah Babaei Saleh,,MP - Boein Zahra,List of Hope,Reformist
Mohammad Beyranvandi,,MP - Khorram Abad (Lorestan),List of Hope,Reformist
Mohammadjavad Jamali Nobandegan,,MP - Fassa (Fars),,Principlist
Mohammadsadegh Hasani,@hasanijoryabi,MP - Rasht (Gilan),List of Hope,Reformist
Ahmad Hamzeh,@dr_ahmadhamze,MP - Kerman (Kerman),List of Hope,Reformist
Seyyed Alaeddin Khadem,,MP - Sepidan (Fars),,Independent
Masoud Rezaei,,MP - Shiraz (Fars),List of Hope,Reformist
Seyyedeh Hamideh Zarabadi,@H_Zarabadi,MP - Qazvin (Qazvin),List of Hope,Reformist
Hassan Lotfi,,MP - Razan (Hamedan),List of Hope,Reformist
Bahram Parsaei,@ParsaeiB,MP - Shiraz (Fars),List of Hope,Reformist
Masoud Goudarzi,,MP - Mamassani (Fars),List of Hope,Reformist
Jorjik Abrahamian,,MP - Armenian of the South (Isfahan),Minorities,Independent
Mohammad Ashouri Taziyani,,MP - Bandar Abbas (Hormozgan),Velaayat,Principlist
Masoumeh Aghapour Alishahi,,MP - Shabestar (Azarbaijan-e Sharghi),,Reformist
Ali Ebrahimi,,MP - Shazand (Markazi),List of Hope,Reformist
Javadkazem Nasabolbaji,,MP - Ahvaz (Khuzestan),List of Hope,Reformist
Alireza Ebrahimi,,MP - Azadshahr (Golestan),,Independent
Seyyed Mohammadjavad Abtahi,@SmjAbtahi,MP - Khomeinishahr (Isfahan),Velaayat,Principlist
Abolfazl Aboutorabi,,MP - Najaf Abad (Esfahan),Velaayat,Principlist
Fereydoon Ahmadi,,MP - Zanjan (Zanjan),,Principlist
Ghasem Ahmadi,@Ghasemahmadi_ir,MP - Chaloos (Mazandaran),Voice of the Nation,Principlist
Esfandiyar Ekhtiari Kasnaviye,,MP - Zorostrian minority,Minorities,Independent
Seyyed Ali Adyani Rad,,MP - Jooybar (Mazandaran),Velaayat,Principlist
Aliardeshir Larijani,@alilarijany,MP - Qom (Qom),List of Hope,Principlist
Ali Asadi Karam,,MP - Shahr-e Babak (Kerman),List of Hope,Reformist
Ali Esmaeili,,MP - Mahmood Abad (Mazandaran),,Independent
Dariush Esmaeili,,MP - Sarvestan (Fars),Velaayat,Principlist
Ziaollah Ezazi,,MP - Bonab (Azarbayjan-e Sharghi),Velaayat,Principlist
Mohammad Mehdi Eftekhari,,MP - Fouman (Gilan),List of Hope,Reformist
Nazar Afzali,,MP - Sarbisheh (Khorasan Jonoubi),Velaayat,Principlist
Gholiollah Ghiolizadeh,,MP - Khoda Afarin (Azarbayjan-e Sharghi),Velaayat,Principlist
Mohammadreza Amirhassan Khani,,MP - Tabas (Khorasan Jonoubi),,Principlist
Ahmad Amirabadi Farahani,@ahmadamirabadi1,MP - Qom (Qom),,Principlist
Sakineh Almasi,,MP - Jam (Boushehr),,Independent
Reza Ansari,,MP - Darab (Fars),List of Hope,Reformist
Mohammadnaeim Aminifard,,MP - Iranshahr (Sistan va Balouchestan),,Independent
Seyyed Hamzeh Amini,,MP - Hashtroud (Azarbayjan Sharghi),,Independent
Salaam Amini,,MP - Ilam (Ilam),,Independent
Hossein Amiri Khamkani,,MP - Zarand (Kerman),List of Hope,Reformist
Farideh Oladghobad,@oladghobad_f,MP - Tehran (Tehran),List of Hope,Reformist
Ali Akbari,,MP - Bojnourd (Khorasan Shomali),List of Hope,Reformist
Ali Akbari,,MP - Shiraz (Fars),List of Hope,Reformist
Aziz Akbarian,@aziz_akbariyan,MP - Eshtahard (Alborz),,Principlist
Abdolghafour Irannejad,,MP - Chabahar (Sistan va Balouchestan),,Principlist
Mohammadreza Badamchi,@Badamchi_Media,MP - Tehran (Tehran),List of Hope,Reformist
Saeid Bastani,,MP - Torbat Heydariye (Khorasan Razavi),List of Hope,Reformist
Yonathan Betkolia,,MP - Assyrian Christians,Minorities,Independent
Ali Bakhtiar,,MP - Khansar (Esfahan),List of Hope,Reformist
Ali Bakhtiari,,MP - Baft (Yazd),List of Hope,Reformist
Sodeif Badri,,MP - Ardebil (Ardebil),,Principlist
Shahrooz Barzegar,,MP - Salmaas (Azarbayjan-e Gharbi),List of Hope,Reformist
Alaeddin Boroujerdi,,MP - Borujerd (Lorestan),Velaayat,Principlist
Mohammadmehdi Boroumandi,,MP - Marvdasht (Fars),Velaayat,Principlist
Hamid Banaei,,MP - Gonabad (Khorasan Razavi),,Principlist
Seyyed Hadi Bahadori,@dr_hadibahadori,MP - Oroumiyeh (Azarbayjan-e Gharbi),List of Hope,Reformist
Hassan Bahramnia,,MP - Nahavand (Hamedan),Velaayat,Principlist
Mahmoud Bahmani,,MP - Savojbolagh (Alborz),,Principlist
Ahmad Bigdeli,,MP - Khodabandeh (Zanjan),List of Hope,Reformist
Mohsen Biglari,,MP - Saghez (Kordestan),Voice of the Nation,Independent
Shahabeddin Bimeghdar,,MP - Tabriz (Azarbayjan-e Sharghi),List of Hope,Reformist
Abbas Papizadeh,,MP - Dezfoul (Khuzestan),,Principlist
Masoud Pezeshkian,@drpezeshkian_ir,MP - Tabriz (Azarbayjan-e Sharghi),List of Hope,Reformist
Nasrollah Pejmanfar,,MP - Mashhad (Khorasan Razavi),Velaayat,Principlist
Mohammadreza Pourebrahimi,Suspended,MP - Kerman (Kerman),Velaayat,Principlist
Abbasali Pourbafrani,,MP - Naein (Esfahan),,Independent
Shokour Pourhossein,,MP - Parsabad (Ardebil),List of Hope,Reformist
Mohammadali Pourmokhtar,,MP - Kaboudarahang (Hamedan),Velaayat,Principlist
Mohammadreza Tabesh,,MP - Ardekan (Yazd),List of Hope,Reformist
Nahid Tajedin,@Nahid_Tajedin,MP - Esfahan (Esfahan),List of Hope,Reformist
Gholamreza Tajgardoon,@tajgardoonir,MP - Gachsaran (Kohgouliyeh va Boyerahmad),List of Hope,Reformist
Farhad Tajri,@Drfarhadtajari,MP - Ghasr-e Shirin (Kermanshah),,Principlist
Nourmohammad Torbatinejad,,MP - Gorgan (Golestan),List of Hope,Reformist
Akbar Torki,@drtorki_ir,MP - Chadgan (Esfahan),Velaayat,Principlist
Seyyed Ghasem Jasemi,@seyed_jasemi,MP - Kermanshah (Kermanshah),Velaayat,Principlist
Jamshid Jafarpour,,MP - Lar (Fars),Velaayat,Principlist
Gholamali Jafarzadeh Iman Abadi,@Jafarzadeh_ir,MP - Rasht (Gilan),Velaayat,Reformist
Soheyla Jelodarzadeh,,MP - Tehran (Tehran),List of Hope,Reformist
Kazem Jalali,@jalali_kazem,MP - Tehran (Tehran),Voice of the Nation,Reformist
Ali Jalili,@AliJali67834940,MP - Maragheh (Azarbayjan Sharghi),,Independent (w)
Manouchehr Jamali,@jamali_ir,MP - Roudbar (Gilan),List of Hope,Reformist
Hajar Chenarani,@Chenarani_ir,MP - Firouze and Neyshabour (Khorasan-e Razavi),,Principlist
Abdollah Hatamiyan,,MP - Dargaz (Khorasan-e Razavi),List of Hope,Reformist
Hamidreza Haji Babaei,@hajibabaei_ir,MP - Hamedan (Hamedan),Velaayat,Principlist
Hosseinali Haji Deligani,@HajiDeligani,MP - Shahin Shahr (Esfahan),Velaayat,Principlist
Abolfazl Hassan Beigi,,MP - Damghan (Semnan),,Independent
Shahbaz Hassanpour Biglari,@sh_hasanpour,MP - Sirjan (Kerman),,Independent
Mohammad Hassannejad,,MP - Marand and Jolfa (Azarbayjan-e Sharghi),,Principlist
Fereydoun Hassanvand,@Dr_f_hasanvand,MP - Andimeshk (Khouzestan),Velaayat,Principlist
Abdolkarim Hosseinzadeh,@AK_Hosseinzadeh,MP - Naghdeh (Azarbayjan-e Gharbi),List of Hope,Reformist
Mohammadhossein Hossein Zadeh Bahreyni,@Bahreini_ir,MP - Mashhad and Kalaat (Khorasan-e Razavi),Velaayat,Principlist
Mohammad Hoseini,@m_hoseini_ir,MP - Tafresh (Markazi),,Independent
Seyyedeh Fatemeh Hosseini,@S_FatemeHoseini,MP - Tehran (Tehran),,Reformist
Seyyed Hassan Hoseini Shahroudi,,MP - Shahroud (Semnan),Velaayat,Principlist
Seyyed Javad Hosseinikia,,MP - Songhor (Kermanshah),Velaayat,Principlist
Rouhollah Hazratpour Talla Tappeh,@R_Hazratpour,MP - Oroumiyeh (Azarbayjan Gharbi),,Independent
Elyas Hazrati,@elyashazrati,MP - Tehran (Tehran),List of Hope,Reformist
Gholamreza Heidari,@Ghheidari,MP - Tehran (Tehran),List of Hope,Reformist
Seyyed Morteza Khatami,,MP - Mahneshan (Zanjan),,Independent
Hedayatollah Khademi,@hedayatkhademi,MP - Izeh (Khouzestan),,Independent
Mohammad Khaledi,,MP - Lordegn (Chaharmahal va Bakhtiyari),,Independent
Bashir Khaleghi,,MP - Khalkhal (Ardebil),,Principlist
Karen Khanlari,,MP - Christians of the North of Iran,Minorities,Independent
Amir Khojasteh,@Khojasteh_ir,MP - Hamedan (Hamedan),Velaayat,Principlist
Mohammad Khodabakhshi,,MP - Aligoudarz (Lorestan),,Principlist
Salman Khodadadi,,MP - Malekan (Azarbayjan-e Sharghi),,Principlist
Abdolhamid Khedri,@khedri_ir,MP - Boushehr (Boushehr),List of Hope,Reformist
Hasan Khastehband,,MP - Bandar Anzali (Gilan),Velaayat,Principlist
Rasoul Khezri,@rasoul_khezri,MP - Piranshahr (Azarbayjan-e Gharbi),,Principlist
Vali Dadashi,@validadashi,MP - Astara (Gilan),,Principlist
Mohammad Damadi,@mohammad_damadi,MP - Sari (Mazandaran),List of Hope,Reformist
Yousef Davoudi,,MP - Sarab (Azarbayjan-e Sharghi),,Independent
Mohammadbaset Dorazehi,,MP - Saravan (Sistan va Balouchestan),,Independent
Seyyed Kazem Delkhosh,@skdelkhosh,MP - Some'e Sara (Gilan),Voice of the Nation,Principlist
Kamal Dehghani Firouzabadi,@DehghaniKamal,MP - Taft (Yazd),List of Hope,Reformist
Mohammad Dehghani,@drmdehghan,MP - Chenaran (Khorasan-e Razavi),Velaayat,Principlist
Habibollah Dahmardeh,,MP - Zabol (Sistan va Balouchestan),,Principlist
Seyyedeh Fatemeh Zolghadr,,MP - Tehran (Tehran),List of Hope,Reformist
Seyyed Mostafa Zolghadr,,MP - Minab (Hormozgan),List of Hope,Reformist
Mojtaba Zonnouri,@zonnoour,MP - Qom (Qom),Velaayat,Principlist
Khadijeh Rabeie,,MP - Boroujen (Chaharmahal va Bakhtiyari),,Independent
Farajollah Rajabi,@frj_rajabi,MP - Shiraz (Fars),List of Hope,Reformist
Alireza Rahimi,@a_rahimi_mp,MP - Tehran (Tehran),List of Hope,Reformist
Jalil Rahimi Jahanabadi,@Drjalilrahimi,MP - Torbat Jam (Khorasan Razavi),,Reformist
Ali Rostamian,,MP - Delfan (Lorestan),,Independent
Hossein Rezazadeh,,MP - Kazeroun (Fars),,Reformist
Mohammad Ebrahim Rezaei,,MP - Khomeyn (Markazi),,Independent
Mohammadreza Rezaei Kouchi,,MP - Jahrom (Fars),Velaayat,Principlist
Abdollah Razian,,MP - Ghaem Shahr (Mazandaran),List of Hope,Reformist
Akbar Ranjbarzadeh,Account suspended,MP - Asad Abad (Hamedan),Velaayat,Principlist
Rahim Zareh,@DrRahimZare,MP - Abadeh (Fars),Voice of the Nation,Independent
Gholammohammad Zarei,@haj_zareii,MP - Boyerahmad (Kohkouliyeh va Boyer Ahmad),Voice of the Nation,Independent
Mohammadmehdi Zahedi,@Zahedi_ir,MP - Kerman (Kerman),Velaayat,Principlist
Seyyed Javad Sadatinejad,@drsadatinejad,MP - Kashan (Esfahan),Velaayat,Principlist
Ali Sari,@AliSari1397,MP - Ahvaz (Khuzestan),Fraction of Hope,Reformist
Ghasem Saedi,@ghasemsaedi1,MP - Dasht-e Azadegan (Khouzestan),Velaayat,Principlist
Abolfazl Soroush,@SoroushAbolfazl,MP -Tehran (Tehran),List of Hope,Reformist
Zahra Saei,@zahrasaei_ir,MP - Tabriz (Azarbayjan-e Sharghi),Voice of the Nation,Reformist
Ahmad Salek Kashani,@ahmadsalek_ir,MP - Esfahan (Esfahan),Velaayat,Principlist
Abdollah Sameri,@abdullah_sameri,MP - Khorram Shahr (Khouzestan),,Independent
Ramezan Ali Sobhanifar,@ASobhanifar,MP - Sabzevar (Khorasan-e Razavi),,Reformist
Mohammadbagher Sa'adat,,MP - Dashtestan (Boushehr),List of Hope,Reformist
Mohammad Esmaeil Saeidi,,MP - Tabriz (Azarbayjan-e Sharghi),,Principlist (w)
Fatemeh Saeedi,@saeidiftm,MP - Tehran (Tehran),,Reformist
Zahra Saeedi,@Zahrasaeedi8,MP - Mobarakeh (Esfahan),,Independent
Parvaneh Salahshouri,@P_Salahshouri,MP - Tehran (Tehran),List of Hope,Reformist
Hassan Soleimani,,MP - Kangavar (Kermanshah),Velaayat,Principlist
Asghar Salimi,@dr_asghar_salimi,MP - Semirom (Esfahan),List of Hope,Reformist
Alireza Salimi,@dralirezasalimi,MP - Mahallat (Markazi),Voice of the Nation,Principlist
Tayebeh Siavashi,@TayebehSiavash,MP - Tehran (Tehran),List of Hope,Reformist
Alimohammad Shaeri,,MP - Behshahr (Mazandaran),,Principlist
Gholamreza Sharafi,,MP - Abadan (Khouzestan),Velaayat,Principlist
Shamsollah Shariatnejad,,MP - Tonkabon (Mazandaran),List of Hope,Reformist
Eynollah Sharifpour,,MP - Maku (Azarbayjan-e Gharbi),List of Hope,Reformist
Nasser Sharifi,,MP - Bandar Lengeh (Hormozgan),,Principlist
Seyyed Kamaleddin Shariyari,,MP - Dashti (Boushehr),Velaayat,Principlist
Hosseinali Shariyari,,MP - Zahedan (Sistan va Balouchestan),Velaayat,Principlist
Hadi Shooshtari,,MP - Ghoochan (Khorasan-e Razavi),Voice of the Nation,Reformist
Mahmoud Shekari,,MP - Tavalesh (Gilan),Velaayat,Principlist
Mehdi Sheykh,@_mahdi_sheikh,MP - Tehran (Tehran),List of Hope,Reformist
Reza Shiran Khorasani,@shirankhorasani,MP - Mashhad (Khorasan Razavi),Velaayat,Principlist
Yaghoub Shivyari,@yagob_shivyari,MP - Miyaneh (Azarbayjan-e Sharghi),Velaayat,Principlist
Mahmoud Sadeghi,@mah_sadeghi,MP - Tehran (Tehran),Voice of the Nation,Reformist
Mohammadreza Sabaghiyan Bafghi,@mrsabaghian,MP - Mehriz (Yazd),,Independent
Morteza Saffari Natanzi,,MP - Natanz (Esphahan),,Principlist
Ahmad Safari,,MP - Kermanshah (Kermanshah),List of Hope,Reformist
Bahman Taherkhani,,MP - Takestan (Qazvin),List of Hope,Reformist
Seyyed Sadegh Tabatabaeinejad,@vadeyesadegh1,MP - Ardestan (Esfahan),Velaayat,Principlist
Gharajeh Teyyar,,MP - Gonbad (Golestan),List of Hope,Independent
Aliaskar Zaheri,,MP - Masjed Soleyman (Khouzestan),List of Hope,Independent
Heydar Ali Abedi,,MP - Esfahan (Esfahan),List of Hope,Reformist
Mohammadreza Aref,@ir_aref,MP - Tehran (Tehran),List of Hope,Reformist
Seyyed Mohammadbagher Ebadi,Suspended account,MP - Birjand (Khorasan-e Jonoubi),Velaayat,Principlist
Asadollah Abbasi,,MP - Roudsar (Gilan),Velaayat,Principlist
Beytollah Abdollahi,,MP - Ahar (Azarbayjan-e Sharghi),List of Hope,Reformist
Mohammad Qasim Osmani,@Dr__Osmani,MP - Boukan (Azarbayjan-e Gharbi),List of Hope,Reformist
Mohammad Azizi,,MP - Abhar (Zanjan),Velaayat,Principlist
Abdolreza Azizi,,MP - Shiravan (Khorasan-e Shomali),,Principlist
Seyyed Ahsan Alavi,,MP - Sanandaj (Kordestan),Voice of the Nation,Independent
Seyyed Mohsen Alavi,,MP - Lamerd (Fars),List of Hope,Reformist
Mohsen Alijani,,MP - Tehran (Tehran),List of Hope,Reformist
Ahmadalireza Beygi,@a_alirezabeigi,MP - Tabriz (Azarbayjan Sharghi),Velaayat,Principlist
Reza Alizadeh,,MP - Varzaghan (Azarbayjan-e Sharghi),,Principlist
Mohammadjavad Fathi,,MP - Tehran (Tehran),List of Hope,Reformist
Seyyed Mehdi Farshadan,@Mahdi_Farshadan,MP - Sanandaj (Kordestan),,Independent
Fardin Farmand,,MP - Miyaneh (Azarbayjan-e Sharghi),,Reformist
Mohammadhossein Farhangi,@P0kMSy3Q2hWCSNO,MP - Tabriz (Azarbayjan-e Sharghi),Voice of the Nation,Principlist
Heshmatollah Falaahatpisheh,@drfalahatpishe,MP - Eslam Abad Gharb (Kermanshah),Voice of the Nation,Principlist
Farhad Falaahati,@falahati_farhad,MP - Ghaenat (Khorasan-e Jonoubi),Velaayat,Principlist
Hamidreza Fouladgar,,MP - Esfahan (Esfahan),Velaayat,Principlist
Mohammad Feyzi Zangir,@Dr_m_feizi,MP - Ardebil (Ardebil),List of Hope,Reformist
Nader Ghazipour,@naderghazipor,MP - Oroumiyeh (Azarbayjan-e Gharbi),Velaayat,Principlist
Seyyed Ehsan Ghazizadeh,@ehsanghazizade,MP - Fariman (Khorasan-e Razavi),Velaayat,Principlist
Seyyed Amirhossein Ghazizadeh,@GhazizadehSA,MP - Mashhad (Khorasan Razavi),Velaayat,Principlist
Mohammadhossein Ghorbani,,MP - Astaneh Ashrafiyeh (Gilan),List of Hope,Reformist
Ali Ghorbani,@ali__ghorbani,MP - Bojnourd (Khorasan Shomali),List of Hope,Reformist
Asadollah Gharekhani,,MP - Ali Abad (Golestan),,Independent
Mohammad Qomi,@MohmmadGhomi,MP - Pakdasht (Tehran),List of Hope,Reformist
Hadi Ghavaami,,MP - Esfaraayen (Khorasan-e Shomali),Velaayat,Principlist
Hamid Garmabi,,MP - Neyshabour (Khorasan-e Razavi),List of Hope,Reformist
Ali Golmoradi,,MP - Bandar Mahshahr (Khouzestan),List of Hope,Reformist
Abbas Goudarzi,@abasgoudarzi_ir,MP - Boroujerd (Lorestan),Velaayat,Principlist
Sohrab Gilani,@Sohrabgilanii,MP - Shoushtar (Khouzestan),,Principlist
Mehrdad Lahooti,@Lahooti_ir,MP - Langroud (Gilan),List of Hope,Reformist
Ahmad Maazani,@mazaniahmad,MP - Tehran (Tehran),List of Hope,Reformist
Parvaneh Mafi,@ParvanehMafi,MP - Tehran (Tehran),List of Hope,Reformist
Jahanbakhsh Mohebbinia,@j_mohebinia,MP - Miyandoab (Azarbayjan-e Gharbi),,Principlist
Alireza Mahjoub,,MP - Tehran (Tehran),Voice of the Nation,Reformist
Davoud Mohammadi,@davoodm51495905,MP - Tehran (Tehran),List of Hope,Reformist
Davoud Mohammadi,@davood_m_ir,MP - Qazvin (Qazvin),Voice of the Nation,Independent
Eqbal Mohammadian,,MP - Ramhormoz (Khouzestan),Velaayat,Principlist
Jalal Mahmoudzadeh,@JalalMahmodzade,MP - Mahaabaad (Azarbayjan-e Gharbi),,Principlist
Somayyeh Mahmoudi,@mahmoudi_so,MP - Shahreza (Esfahan),,Independent
Mohammad Mahmoudi Shahneshin,,MP - Malaard (Tehran),List of Hope,Reformist
Jalil Mokhtar,@jalilmokhtar,MP - Abadan (Khouzestan),,Principlist
Ahmad Moradi,@ahmad_moradi47,MP - Bandar Abbas (Hormozgan),,Independent
Alimohammad Moradi,,MP - Dehgalaan (Kordestan),List of Hope,Independent
Mansour Moradi,,MP - Marivan (Kordestan),,Independent
Siyamak Moreh Sedq,,MP - Jewish minority,Minorities,Independent
Asghar Masoudi,,MP - Neyriz (Fars),List of Hope,Reformist
Abdolreza Mesri,,MP -Kermanshah (Kermanshah),Velaayat,Principlist
Ali Motahhari,@alimotahari_ir,MP - Tehran (Tehran),List of Hope,Reformist
Mohammadmehdi Mofatteh,,MP - Tooyserkan (Hamedan),Velaayat,Principlist
Seyyed Mehdi Moghaddasi,,MP - Araak (Markazi),List of Hope,Reformist
Hossein Maghsoudi,@maghsodi12121,MP - Sabzevar (Khorasan-e Razavi),,Independent
Allahyar Malekshahi,@Dr_Malekshahi,MP - Kouhdasht (Lorestan),Voice of the Nation,Independent
Mohammadreza Malekshahi Rad,@m_malekshahirad,MP - Khorram Abad (Lorestan),,Principlist
Vali Maleki,,MP - Meshkin Shahr (Ardebil),,Independent
Mohammadreza Mansouri,,MP - Saveh (Markazi),List of Hope,Reformist
Seyyed Farid Mousavi,@sfaridmousavi,MP - Tehran (Tehran),List of Hope,Reformist
Seyyed Abolfazl Mousavi,@mousaviyazd_ir,MP - Yazd (Yazd),List of Hope,Reformist
Seyyed Nasser Mousavi Largani,@MousaviLargani,MP - Felaverjan (Esfahan),Velaayat,Principlist
Seyyed Hemayat Mirzadeh,,MP - Germi (Ardebil),List of Hope,Reformist
Jalal Mirzaei,,MP - Ilam (Ilam),List of Hope,Reformist
Qasem Mirzaeinikou,@Gh_mirzaeinikou,MP - Damavand (Tehran),List of Hope,Reformist
Shahab Naderi,@shahabnaderiii,MP - Paveh (Kermanshah),Velaayat,Principlist
Majid Naserinejad,,MP - Shadegan (Khouzestan),,Principlist
Valiollah Nanvakenari,,MP - Babolsar (Mazandaran),Velaayat,Principlist
Mohammadreza Najafi,@mrezanajafi,MP - Tehran (Tehran),List of Hope,Reformist
Ali Najafi Khoshroudi,@AliNajafi_ir,MP - Babol (Mazandaran),List of Hope,Reformist
Behrouz Nemati,,MP - Tehran (Tehran),List of Hope,Reformist
Seyyed Hossein Naghavi Hosseini,,MP - Varaamin (Tehran),Velaayat,Principlist
Mahmoud Negahban Salaami,@NegahbanM,MP - Khaf (Khorasan-e Razavi),,Reformist
Ali Nobakht Haghighi,,MP - Tehran (Tehran),List of Hope,Reformist
Ramin Nourqolipour,@ramin_nqp,MP - Kordkouy (Golestan),List of Hope,Reformist
Hassan Nowrouzi,@HassanNooroozi,MP - Robat Karim (Tehran),Velaayat,Principlist
Seyyed Razi Nouri,,MP - Shoush (Khouzestan),Velaayat,Principlist
Ardeshir Nouriyan,@NourianDr,MP - Shahr-e Kord (Chaharmahaal va bakhtiyari),List of Hope,Reformist
Hossein Niyaz Azari,@HNiazazari,MP - Babol (Mazandaran),List of Hope,Independent
Habibollah Nikzadipanah,,MP - Bam (Kerman),List of Hope,Reformist
Zabihollah Nikfar,@nikfaar_ir,MP - Lahijan (Gilan),Velaayat,Principlist
Abdolreza Hashemzaei,,MP - Tehran (Tehran),List of Hope,Reformist
Homayoun Hashemi,@homayonhashemi,MP - Miyandoab (Azarbayjan-e Gharbi),,Independent
Adl Hashemipour,@adalhashemipour,MP - Kohguliyeh (Kohguliyeh va Boyer Ahmad),,Principlist
Hossein Hashemi Takhtinejad,,MP - Bandar Abbas (Hormozgan),Velaayat,Principlist
Nabi Hezarjaribi,,MP - Gorgan (Golestan),List of Hope,Reformist
Ahmad Hemmati,@ahmadhematii,MP - Semnan (Semnan),List of Hope,Reformist
Mohammad Vahdati,,MP - Bostan Abad (Azarbayjan-e Sharghi),,Independent
Ali Vaghfchi,@dr_ali_vaghfchi,MP - Zanjan (Zanjan),,Principlist
Mohammadali Vakili,@ma_vakili,MP - Tehran (Tehran),List of Hope,Reformist
Gholmareza Kateb,@kateb_ir,MP - Garmsar (Semnan),,Independent
Shadmehr Kazemzadeh,,MP - Dehloran (Ilam),List of Hope,Principlist
Seyyed Hamidreza Kazemi,,MP - Poldokhtar (Lorestan),Velaayat,Principlist
Mohammad Kazemi,,MP - Malaayer (Hamedan),List of Hope,Reformist
Ali Kazemi Babaheydari,,MP - Ardal (Chaharmahal vaBakhtiyari),List of Hope,Reformist
Hassan Kamran Dastjerdi,@Hassan_Kamran_d,MP - Esfahan (Esfahan),,Principlist
Seyyed Taghi Kabiri,@dr_kabirii,MP - Khouy (Azarbayjan-e Gharbi),Velaayat,Principlist
Ali Kord,@alikord_ir,MP - Khash (Sistan va Balouchestan),,Principlist
Kourosh Karampour Haghighi,@k_karampour,MP - Firouzabad (Fars),List of Hope,Reformist
Aliakbar Karimi,@karimi_aliakbar,MP - Araak (Markazi),Velaayat,Principlist
Reza Karimi,@rezakarimi94,MP - Ardebil (Ardebil),List of Hope,Reformist
Hamdollah Karimi,@karimi_bijar,MP - Bijar (Kordestan),,Independent
Javad Karimi Ghoddousi,@Jkarimi_ir,MP - Mashhad (Khorasan Razavi),Velaayat,Principlist
Habibollah Keshtzar,,MP - Behbahan (Khouzestan),Velaayat,Principlist
Amer Ka'abi,,MP - Abadan (Khouzestan),"
",Principlist
Yahya Kamalipour,,MP - Jiroft (Kerman),,Independent
Mostafa Kavakebian,@kavakebian_ir,MP - Tehran (Tehran),List of Hope,Reformist
Jabbar Kouchakinejad Eram Sadati,,MP - Rasht (Gilan),Velaayat,Principlist
Shahram Kouse Gharravi,@ShahramGharravi,MP - Minoudasht (Golestan),,Independent
Mohammadjavad Kolivand,@kolivand98,MP - Karaj (Alborz),,Principlist
Mohsen Kouhkan Rizi,,MP - Lanjan (Esfahan),Velaayat,Principlist
Majid Kianpour,,MP - Doroud (Lorestan),,Independent
Ahmadali Keikha,@ahmadali_keikha,MP - Zabol (Sistan va Balouchestan),List of Hope,Reformist
Alim Yarmohammadi,@A_Yarmohammadi,MP - Zahedan (Sistan va Balouchestan),List of Hope,Reformist
Aliasghar Yousefnejad,@yousefnejad_ir,MP - Sari (Mazandaran),List of Hope,Reformist
Homayoun Yousefi,@homayonyousefi,MP - Ahvaz (Khuzestan),List of Hope,Reformist
Ezatollah Yousefian,,MP - Amol (Mazandaran),,Principlist
Behrouz Bonyadi,@BehrouzBonyadi,MP - Kaashmar (Khorasan-e Razavi),List of Hope,Reformist
Supreme leader,@khamenei_ir,Supreme leader of Iran,,Supreme Leader has no pronounced political affiliation
Hassan Rohani,@HassanRouhani,President,,Centrist/Reformist
Eshagh Jahangiri,@Eshaq_jahangiri,Vice president,,Reformist
Mahmoud Vaezi,@Dr_Vaezi,Chief of Staff of the President of Iran,,Centrist
Mohsen Hajimirzaei,@hajimirzaee_m,Minister of Education,,Reformist
Mohammadjavad Azari Jahromi,@azarijahromi,Minister of Communications,,NA
Ali Rabiei,@Alirabiei_ir,Government Spokesman and the Assistant to the President in Social Communications,,Reformist
Javad Zarif,@JZarif,Foreign Minister of Islamic Republic of Iran,,Reformist
Mohammad Nahavandian,@Nahavandian_ir,President's advisor on economic affairs,,Centrist
Mohammadbagher Nobakht,@MB_Nobakht,President's advisor ,,Reformist
Saeed Namaki,@saeednamaki,Minister of Health,,Centrist
Mohammad Shariatmadari,@shariatmadari_m,"Minister of Cooperative, Labour and Social Welfare",,Reformist
Masoumeh Ebtekar,@ebtekarm_ir,President's advisor on women's affairs,,Reformist
Reza Rahmani,@rezarahmani_ir,Minister of Industry and Mining,,
Seyyed Abbas Salehi,@S_A_Salehi,Minister of Culture and Islamic Guidance,,NA
Isa Kalantari,@IsaKalantari,Head of Iran's department of Environment,,Reformist
Abdolreza Rahmani Fazli,@rahmanifazli,Minister of Interior Affairs,,Conservative
Mansour Gholami,@MansourGholami2,Minister of Higher Education,,
Aliasghar Mounesan,@mounesan_ir,"Head of Iran's Cultural Heritage, Handicrafts and Tourism Organization",,Reformist
Bijan Zanganeh,@BijanZanganeh,Minister of Petroleum Industry,,Reformist
Masoud Soltanifar,Masoud Soltanifar,Minister of Youth Affairs Sports,,Reformist
Young Journalists Club,@yjcagency,Media,,
Fars News Agency,@FarsNews_Agency,Media,,
Tabnak,@Tabnak_News,Media,,
Asr Iran,@asrirannews,Media,,
Tasnim News Agency,@Tasnimnews_Fa,Media,,
Khabar Online,@khabaronlinee,Media,,
ISNA,@isna_farsi,Media,,
Mehr News Agency,@mehrnews_fa,Media,,
Mehr News Agency,@MehrnewsCom,Media,,
Mashregh News,@MashreghNews,Media,,
Iranian news agencies (row 339 - ),,Media,,
ICANA,@icana_ir,Media,,
IRNA,@IRNA_1313,Media,,
ISNA (Farsi),@isna_farsi,Media,,
ILNA,@ilnanews,Media,,
Ettelaat,@EttelaatTweet,Media,,
Financial Tribune,@Fintribune,Media,,
Shargh,@SharghDaily,Media,,
Hamshahri,@hamshahrinews,Media,,
Iran Newspaper,@IranNewspaper,Media,,
Kayhan,@KayhanNewsFa,Media,,
Vatan Emrooz,@vatanemrooz,Media,,
Etemad,@EtemadOnline,Media,,
Etemad,@EtemadOnline,Media,,